date,shot_id,model,mode_resolution,start_frame,references,prompt_version,credits,job_id,result,approved,notes
2026-10-01,KF1 sad dowel,nano_banana_pro (served as nano_banana_2),9:16 2k,,Mango element d311ab53,v5,2,5691d917-ad11-4560-b6a0-f78354bc1e2a,completed,PENDING_OWNER,0-3s
2026-10-01,KF2 feet on dowel,nano_banana_pro (served as nano_banana_2),9:16 2k,,Mango element,v5,2,96bc3b9a-d63e-4e3a-92d2-4e549e966d15,completed,PENDING_OWNER,3-6.5s
2026-10-01,KF3 install + head up,nano_banana_pro (served as nano_banana_2),9:16 2k,,Mango element + install crop 4bf38c68 + hero crop 1a68d26a,v5,2,8a54f90d-2910-4115-93a7-5aac7275fef5,completed,PENDING_OWNER,6.5-8.5s
2026-10-01,KF4 product beauty,nano_banana_pro (served as nano_banana_2),9:16 2k,,hero crop 1a68d26a + sizes dc2f3bee + closeup b21c2615,v5,2,3bd5593e-e4e1-4902-b955-9cbcb1ae42bd,completed,PENDING_OWNER,8.5-11.5s
2026-10-01,KF5 toes thick/thin,nano_banana_pro (served as nano_banana_2),9:16 2k,,Mango element + hero crop 1a68d26a + closeup,v5,2,84ffde61-01eb-4236-9fb1-1c8ed06b2fa2,completed,PENDING_OWNER,11.5-14.5s
2026-10-01,KF6 claws on fork,nano_banana_pro (served as nano_banana_2),9:16 2k,,Mango element + hero crop 1a68d26a + sizes,v5,2,479d5b5b-81b5-4b89-a1bd-dfa45cb2ffd4,completed,PENDING_OWNER,14.5-17s
2026-10-01,KF7 nibble,nano_banana_pro (served as nano_banana_2),9:16 2k,,Mango element + hero crop 1a68d26a + closeup,v5,2,3ae462ea-d8a2-4a6a-bd16-b3be17b12216,completed,PENDING_OWNER,17-19.5s
2026-10-01,KF8 verdict/CTA indoor tree,nano_banana_pro (served as nano_banana_2),9:16 2k,,Mango element + hero crop 1a68d26a + sizes,v5,2,16edef75-d59c-4c02-a463-9eed90341bfd,completed,PENDING_OWNER,19.5-25s
2026-10-01,SH1 sad push-in,kling3_0-pro,9:16 5s silent,KF1 5691d917,,v5,8.75,2adcb7c5-6f6e-4b3b-8e17-4b7cffd1cbf1,completed,PENDING_OWNER,0-3s
2026-10-01,SH2 feet on dowel,kling3_0-pro,9:16 5s silent,KF2 96bc3b9a,,v5,8.75,8ff02b29-f1ee-4edc-ac53-5a6151e45bdb,completed,PENDING_OWNER,3-6.5s
2026-10-01,SH3 install + head up,kling3_0-pro,9:16 5s silent,KF3 8a54f90d,,v5,8.75,f22af34e-c1d8-4432-ae96-dd687cda5e69,completed,PENDING_OWNER,6.5-8.5s
2026-10-01,SH4 product beauty orbit,kling3_0-pro,9:16 5s silent,KF4 3bd5593e,,v5,8.75,df73e2c9-ee7f-49d5-a539-e1b0e05dc3f0,completed,PENDING_OWNER,8.5-11.5s; declined preset 24bae836
2026-10-01,SH5 toes thick to thin,seedance_2_0 std 720p,9:16 5s silent,KF5 84ffde61,hero 1a68d26a,v5,22.5,c8827847-10d9-4cb6-a59f-d2970430a9cf,completed,PENDING_OWNER,11.5-14.5s
2026-10-01,SH6 claws on fork,seedance_2_0 std 720p,9:16 5s silent,KF6 479d5b5b,hero 1a68d26a,v5,22.5,ffa02da2-0816-467b-9472-04659c0e1967,completed,PENDING_OWNER,14.5-17s
2026-10-01,SH7 nibble,seedance_2_0 std 720p,9:16 5s silent,KF7 3ae462ea,hero 1a68d26a,v5,22.5,4fbb137d-9ae6-4fd6-a0ff-4e63db896847,completed,PENDING_OWNER,17-19.5s
2026-10-01,SH8 verdict/CTA,kling3_0-pro,9:16 5s silent,KF8 16edef75,,v5,8.75,ee495e94-4f90-4dde-a371-844197752ed4,completed,PENDING_OWNER,19.5-25s; declined preset 24bae836
2026-10-01,VO1-8,text2speech_v2 minimax Cody,mp3,,,v5 natural lines,1.2,f537d8dc/d227b26c/c465ea73/d99abaf0/7a840457/3cdcf74b/832f2a4c/26f9ee12,completed,PENDING_OWNER,8 lines per v5-25s.md
2026-10-01,ASSEMBLY v1,ffmpeg (sandbox) assemble_v1.py,1080x1920 30fps 25.3s,,,v5,0,c03367b9-8660-419f-9f93-d5e4c886196d (captioned) / 85eb26d7-7280-4f26-8619-db0c7077beb8 (clean),completed,PENDING_OWNER,"VO atempo 1.2 + pauses trimmed to fit 25 s; music CC0 Lofi music 001 (sad slowed/muffled for shots 1-2)"
2026-10-02,KF6b claws on fork (fixed mounting),nano_banana_pro (served as nano_banana_2),9:16 2k,,Mango element + install 4bf38c68 + hero 1a68d26a + old KF6 479d5b5b,v5.1,2,145e7646-7cbc-4849-9f7e-20e9c888e05a,completed,PENDING_OWNER,owner: hardware must be outside the bars and wood inside
2026-10-02,VO4-8 excited,text2speech_v2 minimax Cody,mp3,,,v5.1 excited,0.75,8db3c829/4947050b/4267319e/6ec0f736/33ed82ce,completed,PENDING_OWNER,owner: more excited on the wooden sticks
2026-10-02,ASSEMBLY v2 (excited voice),ffmpeg (sandbox) assemble_v1.py OUT=v007_v2voice,1080x1920 25.1s,,,v5.1,0,92995af8-a1fc-4b0f-9c7d-5686e4f844bd (captioned),completed,PENDING_OWNER,old nails clip still in; swap after the KF6b clip
2026-10-02,SH6b claws on fork (fixed mounting),kling3_0-pro,9:16 5s silent,KF6b 145e7646,,v5.1,8.75,65aaa8a1-d25d-4da1-96fa-311ce2402658,completed,PENDING_OWNER,replaces Seedance ffa02da2 (wrong hardware side); Kling because only ~10 credits left
2026-10-02,ASSEMBLY v2 FINAL,ffmpeg (sandbox) assemble_v1.py OUT=v007_v2,1080x1920 25.1s,,,v5.1,0,401e6857-b775-439f-877d-47639eebde14 (captioned) / 9c0451b1-5827-459d-9a00-3b9acc449cb0 (clean),completed,PENDING_OWNER,excited VO 4-8 + fixed-mounting nails clip 65aaa8a1
