product_id,status,product_name,brand,asin,amazon_url,category,price_usd_approx,rating,review_count,demand_notes,large_dog_fit,ai_feasibility_1to5,scorecard_total,data_verified_on,verification_level,affiliate_link,videos_made,notes
P001,BACKUP,Hide-A-Squirrel Plush Squeaky Dog Toy XL (6 squirrels),Outward Hound,B005VS9WO6,https://www.amazon.com/dp/B005VS9WO6,Plush puzzle / enrichment,~21-30,4.6 (Medium listing),9090 (Medium listing),Perennial bestseller; replacement squirrels ~#6K Pet Supplies,Yes (XL 12.6x7.1x7.1 in),4,43,2026-09-26,SNIPPET - recheck live,,0,"Planned for V002 ""One of You Is Kevin"" (script ready); light chewers only"
P002,BACKUP,QGI Interactive Dog Ball (random path; rope; motion-activated; USB-C),QGI,B0DK42TDSK,https://www.amazon.com/dp/B0DK42TDSK,Automatic moving ball,~29,4.1,2430,"100+ bought/month; BSR ~122K Pet Supplies; TikTok Shop page; creator ""viral QGI ball"" videos",Partial (3.1-3.85 in ball),2,36,2026-09-26,SNIPPET - recheck live,,0,Planned for V003/V004; not for aggressive chewers
P003,SELECTED,AWOOF Snuffle Mat (large size for Goldie),AWOOF,B07N1JYYCW;B0BBSYRQY3(39.3x18.5 large),https://www.amazon.com/dp/B07N1JYYCW,Snuffle mat,~12 (sale; roundup) large UNVERIFIED,4.2,21840,BSR ~2.5K Pet Supplies; #16 Dog Feeding Mats,Yes (larger sizes B09YXWCS2W),5,37,2026-09-26,SNIPPET - recheck live,,0,V001 product (owner choice). Frame as enrichment for boredom; never claim it stops destructive behaviour
P004,WATCHLIST,Wicked Ball AIR,Cheerble,B0DGPYDRSH,https://www.amazon.com/dp/B0DGPYDRSH,Automatic moving ball,~45,UNVERIFIED,UNVERIFIED,Heavily promoted on TikTok,Yes (35 lb+),2,,2026-09-26,SNIPPET,,0,Pricier; chew complaints
P005,WATCHLIST,PetDroid Interactive Dog Ball,PetDroid,B08C9PHWFC,https://www.amazon.com/dp/B08C9PHWFC,Automatic moving ball,~20,3.9,~10000-12000,Large review base,Partial,2,,2026-09-26,SNIPPET,,0,Lower rating
P006,WATCHLIST,Push-n-Play 14 inch herding ball,Jolly Pets,B000P72Z1U,https://www.amazon.com/dp/B000P72Z1U,Herding ball,UNVERIFIED,UNVERIFIED,UNVERIFIED,Weak data,Yes,4,,2026-09-26,UNVERIFIED,,0,Very AI-friendly; verify demand
P007,REJECTED,iFetch Too automatic ball launcher,iFetch,B0D7G196HB,https://www.amazon.com/dp/B0D7G196HB,Ball launcher,UNVERIFIED,UNVERIFIED,UNVERIFIED,High wow factor,Yes,1,,2026-09-26,UNVERIFIED,,0,Rejected for now: projectile + return physics too hard for AI
P008,REJECTED,Nina Ottosson Dog Tornado / Dog Brick,Outward Hound,B07239T47Y;B0711Y9XTF,https://www.amazon.com/dp/B07239T47Y,Puzzle toy,UNVERIFIED,UNVERIFIED,UNVERIFIED,Known brand,Brick yes; Tornado small,2,,2026-09-26,UNVERIFIED,,0,Rejected for now: sliding/rotating parts + small treats
P009,REJECTED,KONG Wobbler Large,KONG,B003ALMW0M,https://www.amazon.com/dp/B003ALMW0M,Treat dispenser,~18,4.4,~16700,Strong,Yes,2,,2026-09-26,SNIPPET (may be .ca),,0,Rejected for now: wobble + kibble particles
P010,REJECTED,Lick mats (Hyper Pet IQ / LickiMat XL),Hyper Pet;LickiMat,B088K1ZR34;B09C1P2V9F,https://www.amazon.com/dp/B088K1ZR34,Lick mat,UNVERIFIED,4.4,12000+,Strong,XL yes,5,,2026-09-26,SNIPPET,,0,Rejected for video #1: no 1-3s visual hook; revisit for calm/ASMR format
P011,SELECTED,PETLIBRO Capsule Dog Water Fountain 2.1Gal/8L Anti-Splash (Large Dog),PETLIBRO,B0D1JM3DHZ,https://www.amazon.com/dp/B0D1JM3DHZ,Water fountain,~60 list (SNIPPET),UNVERIFIED (Walmart 4.6/7 SNIPPET),UNVERIFIED,Only fountain found with 'Anti-Splash' + 'Large Dog' in Amazon title; PETLIBRO TikTok presence; Pocket-lint tested with 70lb Golden,Yes (8 L),4,,2026-09-27,Title VERIFIED; numbers need live check,,0,V003 product. Not dishwasher safe per Chewy (never claim it). Plastic. Filters extra.
P013,BACKUP,oneisall 7L Stainless Steel Dog Water Fountain (Large Dogs),oneisall,B0D9JPDBGR;B0C4NWDLHX;B0D5B6RLYY,https://www.amazon.com/dp/B0D9JPDBGR,Water fountain,~45-50 (SNIPPET),4.6 Walmart (SNIPPET),814 Walmart (SNIPPET),Strongest review signal found,Yes (7 L),4,,2026-09-27,SNIPPET,,0,304 stainless; no dedicated splash guard; some pump-failure reviews
P014,BACKUP,WOPET W600 6L Dog Water Fountain (Large Dogs),WOPET,B0DHGP13RV,https://www.amazon.com/dp/B0DHGP13RV,Water fountain,~20-32 (SNIPPET),4.5 (roundup SNIPPET),UNVERIFIED,Cheapest large-dog option,Yes (6 L),4,,2026-09-27,SNIPPET,,0,Deeper tray + non-slip pads; thin review data
P015,REJECTED,PetSafe Drinkwell 360 Stainless / Outdoor / Big Dog,PetSafe,B002SB91QS;B088P54HHN;B000FGIUV0,https://www.amazon.com/dp/B002SB91QS,Water fountain,UNVERIFIED,UNVERIFIED,UNVERIFIED,Known brand; great visible streams,Yes,4,,2026-09-27,SNIPPET,,0,Rejected: reviewers report splashing + loud pump (against low-mess brief); Big Dog discontinued
P012,LIVE_ON_WEBSITE,Colorday Large Bird Bath for Cage (Mango),Colorday,B07ZCSMB3L,https://www.amazon.com/dp/B07ZCSMB3L,Bird bath,UNVERIFIED,UNVERIFIED,UNVERIFIED,Added by website session for Mango (bird character),n/a,,,2026-09-27,UNVERIFIED,https://link.amazon/B0e7y78eu,0,Row added during merge to keep IDs in sync with analytics/affiliate-links.csv
P016,SELECTED,"URPOWER Dog Car Seat Cover for Back Seat, 100% Waterproof Hammock for Car (600D Oxford, Zippered Side Flaps, With Seatbelt)",URPOWER,B0727Y5ZD7,https://www.amazon.com/dp/B0727Y5ZD7,Car seat cover,26.99 Prime / 29.99 list (VERIFIED owner screenshot 2026-10-01),4.6 (VERIFIED owner screenshot),46884 (VERIFIED owner screenshot),"Amazon Overall Pick; 8K+ bought in past month (VERIFIED owner screenshot)","Yes (Standard 54in wide, fits sedans/SUVs/mid-size trucks)",4,,2026-10-01,VERIFIED (owner screenshot of live listing),,0,"V004 product, chosen by owner. Color Black with Orange. Listing says machine washable; never claim indestructible/chew-proof. Reviews mention a smell on unboxing, so never repeat the listings no-chemical-odor claim"
